contact,mean_distance_2nd_half,median_distance_2nd_half,mean_distance_whole,median_distance_whole
PRO1_O-GLU3_N-H,3.18,3.18,3.31,3.21
PRO1_O-ALA4_N-H,2.34,2.29,3.06,2.41
PRO2_O-ALA4_N-H,3.12,3.12,3.22,3.18
PRO2_O-ALA5_N-H,2.43,2.33,3.33,2.6
PRO2_O-ALA6_N-H,2.64,2.29,5.02,5.31
GLU3_OE1-PRO1_N-H2,3.0,2.96,5.76,4.02
GLU3_OE1-PRO1_N-H3,2.21,2.15,5.79,3.11
GLU3_OE2-PRO1_N-H2,3.03,3.02,5.76,4.07
GLU3_OE2-PRO1_N-H3,2.2,2.13,5.78,3.2
GLU3_OE1-SER64_OG-HG,3.82,3.55,13.72,12.92
GLU3_OE2-SER64_OG-HG,3.91,3.65,13.78,12.88
ALA6_O-ALA8_N-H,3.0,3.02,3.14,3.12
ALA8_O-ALA10_N-H,2.91,2.91,3.19,3.1
ALA8_O-ALA11_N-H,2.47,2.4,2.86,2.61
SER9_O-ALA11_N-H,2.98,2.97,3.15,3.09
SER9_O-ALA12_N-H,2.43,2.36,4.3,3.09
SER9_OG-LYS68_NZ-HZ1,3.59,3.54,13.63,5.38
SER9_OG-LYS68_NZ-HZ2,3.63,3.58,13.64,5.42
SER9_OG-LYS68_NZ-HZ3,3.6,3.55,13.67,5.42
ALA10_O-ALA12_N-H,3.1,3.1,3.63,3.48
ALA10_O-ALA27_N-H,3.0,2.95,9.33,7.2
ALA12_O-ALA27_N-H,2.05,1.99,7.0,3.37
PRO13_O-ARG67_NH1-HH12,3.5,2.37,13.57,7.88
PRO13_O-ARG67_NH2-HH21,3.66,3.64,13.59,7.52
PRO13_O-ARG67_NH2-HH22,3.05,2.27,13.14,7.22
LEU15_O-TRP26_NE1-HE1,2.48,2.24,4.55,3.87
HIE17_ND1-THR19_N-H,2.71,2.35,2.86,2.38
PRO18_O-LEU44_N-H,2.19,2.06,10.82,6.02
PRO21_O-ASP24_N-H,4.03,3.67,4.32,4.04
VAL22_O-ASP24_N-H,2.78,2.72,2.9,2.73
ASP24_OD2-ILE25_N-H,4.39,4.68,4.77,5.0
ASP24_OD1-LYS68_NZ-HZ1,3.63,3.38,14.92,4.06
ASP24_OD1-LYS68_NZ-HZ2,3.58,3.35,14.92,3.99
ASP24_OD1-LYS68_NZ-HZ3,3.58,3.35,14.94,4.0
ASP24_OD2-LYS68_NZ-HZ1,3.61,3.37,14.84,3.96
ASP24_OD2-LYS68_NZ-HZ2,3.57,3.34,14.84,3.96
ASP24_OD2-LYS68_NZ-HZ3,3.57,3.35,14.86,3.92
ILE25_O-LYS68_NZ-HZ1,3.25,3.22,15.54,6.08
ILE25_O-LYS68_NZ-HZ2,3.23,3.19,15.53,6.03
ILE25_O-LYS68_NZ-HZ3,3.27,3.22,15.58,6.05
ALA27_O-GLY14_N-H,2.96,2.91,7.11,6.6
SER32_OG-GLU33_N-H,2.59,2.56,2.98,2.77
SER32_OG-GLU34_N-H,2.42,2.37,3.54,2.57
SER32_O-THR45_N-H,3.02,2.78,7.5,3.88
GLU34_O-GLN36_N-H,2.74,2.73,2.88,2.81
GLU34_O-VAL37_N-H,2.28,2.21,2.78,2.39
SER35_O-VAL37_N-H,3.1,3.1,3.16,3.13
SER35_O-ASP38_N-H,2.42,2.32,4.26,3.33
SER35_O-ALA39_N-H,2.5,2.15,4.77,4.78
GLN36_O-ALA39_N-H,3.29,3.36,4.68,4.0
GLN36_O-ALA40_N-H,2.26,2.14,4.97,3.47
GLN36_O-SER41_N-H,3.29,3.13,6.28,4.54
GLN36_O-VAL42_N-H,3.02,2.65,5.96,5.19
VAL37_O-SER41_N-H,3.13,3.15,4.38,3.46
ASP38_O-SER41_N-H,3.31,3.28,3.92,3.36
ALA40_O-VAL42_N-H,3.08,3.07,3.06,3.06
SER41_O-HIE17_N-H,3.24,3.19,11.57,5.89
PRO43_O-SER32_N-H,2.27,2.1,6.91,2.51
THR45_O-ILE55_N-H,2.1,2.02,3.17,2.09
VAL47_O-ALA49_N-H,2.95,2.95,2.92,2.92
VAL47_O-GLY50_N-H,2.28,2.2,2.31,2.22
PRO48_O-GLY50_N-H,2.96,2.98,2.95,2.97
ALA49_O-SER51_N-H,3.38,3.35,3.48,3.44
SER51_O-ASN53_N-H,2.82,2.84,2.88,2.87
SER51_OG-ASN53_N-H,2.99,2.74,3.0,2.7
SER51_OG-ASN53_ND2-HD22,3.67,2.8,3.69,2.83
ASN53_O-VAL47_N-H,2.57,2.44,3.04,2.42
PRO59_O-LEU28_N-H,2.4,2.27,10.18,4.34
PRO60_O-LEU62_N-H,2.34,2.18,2.98,2.74
PRO63_O-PRO1_N-H2,2.96,2.24,12.4,7.68
SER64_O-VAL66_N-H,3.21,3.22,3.49,3.39
SER64_OG-VAL66_N-H,2.47,2.42,3.65,2.62
ARG67_NE-LYS68_N-H,3.22,3.15,4.22,4.47
LYS68_O-ARG67_NE-HE,3.51,2.46,5.37,6.23
LYS68_O-ARG67_NH1-HH12,4.61,5.22,6.59,6.93
LYS68_O-ARG67_NH2-HH21,3.67,3.2,6.04,6.92
LYS68_O-PHE70_N-H,3.01,3.03,3.13,3.08
PHE70_O-ARG67_NH1-HH12,4.4,4.96,7.56,8.02
PHE70_O-ARG67_NH2-HH21,3.23,2.56,7.15,8.64
PHE70_O-ARG67_NH2-HH22,3.32,3.2,7.22,8.47
LYS71_O-LEU15_N-H,2.85,2.38,15.34,5.71
